model,threshold,TN,FP,FN,TP,precision,recall,f1
baseline,0.1,1270449,432,758,885,0.6719817767653758,0.5386488131466829,0.597972972972973
baseline,0.2,1270693,188,863,780,0.8057851239669421,0.47474132684114423,0.5974722328609728
